업종,업소명,주요품목,가격,연락처,주소,평점
세탁업,대저기계세탁소,정장한벌,8000원,051-973-5434,부산광역시 강서구 대저로 279 (대저1동),0
한식_일반,배부른밥집,정식,6000원,051-338-3222,부산광역시 북구 의성로112번길62,0
한식_면류,시골칼국수,칼국수,5000원,051-000-0000,부산광역시 북구 금곡대로185-10 1층 4호,4.5
한식_분식,깡통골목할매 유부전골 본점,유부전골,6000원,512471878,부산광역시  부산 중구 부평3길 29 (부평동1가),3
한식_일반,두래박,수제돈가스,9000원,051-611-3651,부산광역시 남구 부산광역시 남구 유엔평화로 133(용당동),5
한식_일반,똑순이네뚝배기(똑뚜기),순두부찌개,8000원,051-626-0272,"부산광역시 남구 부산광역시 남구 146번길 65, 1층(용호동)",0
중식,금화루,짜장면,3000원,051-623-5544,부산광역시 남구 부산광역시 남구 동명로152번길 93(용호동),0
한식_일반,한우어때,짜장면,4000원,010-0000-0000,"부산광역시 사하구 사하로 157, 1층(괴정동, 삼풍아파트)",별점 없음
중식,첸,짜장면,4000원,051-291-8726,부산광역시 사하구 장림시장5길 203(장림동),5
기타서비스업,대육자동차정비,자동차배터리(80L),96000원,051-506-5554,부산광역시 동래구 석사로 33(사직동),5
기타양식,깜빠뉴베이커리,단팥빵,700원,051-506-0637,부산광역시 동래구 여고북로 163 (온천동),4
한식_일반,영일삼계탕,한방삼계탕,13000원,051-507-6622,부산광역시 동래구 사직로 64 (사직동),5
이미용업,김민서 헤어포스,남자커트,10000원,051-896-4189,부산광역시 부산진구 개금본동로17번길 32(개금동),0
이미용업,육일미용실,커트,5000원,051-972-0465,부산광역시 강서구 낙동북로 59 (강동동),0
이미용업,골드헤어라인,커트,8000원,051-831-1255,부산광역시 강서구 신호산단4로64번길 23 (신호동),0
이미용업,가위소리미용실,컷트,6000원,051-316-2247,부산광역시 사상구 광장로97번길 66-4,0
한식_면류,일이삼 칼국수,국수,5000원,051-304-8086,부산광역시 사상구 사상로277번길 55,5
기타양식,구름다리6-7,아메리카노,1900원,0507-1367-2310,부산광역시 수영구 과정로 6-7(망미2동),5
기타양식,메이크씨(MAKESEA),아메리카노,1500원,051-728-1469,부산광역시 기장군 일광읍 일광로 754,별점 없음
한식_육류,국제갈비,돼지갈비1인분(300g),12000원,051-728-5200,부산광역시 기장군 장안읍 장곡길 166-1,5
한식_일반,히미쎈장어 꼼장어,꼼장어구이 1인분,21000원,0507-1348-7157,부산광역시 기장군 기장읍 읍내로 78번길 31,0
한식_기타,여니네,김밥,3000원,051-897-1232,부산광역시 부산진구 백양대로 232-2(개금동),0
한식_기타,반도분식,김밥,3000원,051-898-1578,부산광역시 부산진구 개금본동로 39(개금동),5
한식_일반,수향아구찜,생아구찜(소),35000원,051-722-5985,부산광역시 기장군 기장읍 대변로 134-10,4.1
한식_일반,우리막썰어횟집,모듬회(소),30000원,051-758-9996,부산광역시 수영구 연수로264번길 4(망미1동),0
한식_면류,백운면,잔치국수,4000원,051-805-8525,부산광역시 부산진구 동평로235번길 21(연지동),0
한식_일반,대패한상,한상대패,3900원,051-921-2757,부산광역시 부산진구 연수로 70(양정동),1
한식_일반,양가손만두 부전시장점,고기찐만두(10개),6000원,051-894-9870,부산광역시 부산진구 중앙대로769번길 24(부전동),4.7
한식_일반,삼한우사골곰탕,소머리곰탕,8000원,051-583-3833,부산광역시 부산진구 동평로420번길 5(양정동),0
한식_일반,부전시장왕뽈떼기,대구뽈탕,5000원,051-954-3100,부산광역시 부산진구 부전로152번길 51(부전동),4.6
일식,킹콩초밥,모듬초밥 (12p),13000원,051-751-5036,부산광역시 수영구 구락로8-4(수영동),4.3
이미용업,가위스토리,커트(남),10000원,051-758-8060,부산광역시 수영구 망미번영로38번길 40(광안3동),5
이미용업,양지미용실,커트,6000원,051-756-1938,부산광역시 수영구 망미번영로38번길 31(광안3동),0
한식_일반,두보완당,완당,7000원,051-752-6655,부산광역시 수영구 수영로679번길 26(광안3동),4.6
이미용업,핑크헤어,커트,9000원,051-757-2663,부산광역시 수영구 연수로369번길 20(수영동),0
한식_일반,다다생모밀,생모밀,4000원,0507-1349-0163,부산광역시 수영구 수영로652번길 68-1(광안1동),4.9
한식_일반,햇살돌솥밥,솥밥,8000원,051-246-4308,부산광역시 서구 구덕로124번길28-1,0
이미용업,JJ남성커트전문점,커트,10000원,010-8517-3794,"부산광역시 수영구 수영로394번길 10, 3층(남천1동)",별점 없음
기타서비스업,(주)송현 광안점,엔진오일 (국산중형),55000원,010-3687-3573,부산광역시 수영구 광일로8-5(광안1동),별점 없음
기타서비스업,하오르모터스 민락점,엔진오일 (국산중형),55000원,010-3687-3573,부산광역시 수영구 감포로32(민락동),5
한식_일반,송주네김밥,"일반/땡초김밥, 유부초밥",2000원,051-516-0081,부산광역시 금정구 동부곡로6번길 42(부곡동),5
이미용업,윤아헤어샵,펌,35000원,051-294-1151,"부산광역시 사하구 비봉로 42, 106호(신평동, 한신상가)",0
이미용업,영헤어,커트,13000원,010-0000-0000,부산광역시 사하구 괴정로 211(괴정동),0
한식_일반,소나무돼지갈비,닭육개장,6000원,051-202-6645,"부산광역시 사하구 장평로449번길 33, 1층(괴정동)",0
이미용업,댕기머리방,파마,180000원,051-201-5144,"부산광역시 사하구 사하로198번길 55, 1층(괴정동)",0
한식_면류,오일장 멸치국수,밀면,6000원,051-208-0998,"부산광역시 사하구 낙동대로 417, 1층(하단동)",5
한식_육류,만덕고깃집,삼겹살100g,5500원,051-000-0000,부산광역시 북구 덕천로247번길3,5
한식_면류,풍성한칼국수,바지락칼국수,6000원,051-242-1177,부산광역시 서구 충무시장길12,4.5
기타서비스업,공감사진관,증명사진/여권,14000원,051-989-0315,"부산광역시 영도구 동삼로 42, 1층(동삼동)",5
이미용업,정성희칼라공간,일반펌,40000원,010-5540-8253,"부산광역시 영도구 태종로 132, 1층 (봉래동3가)",0
이미용업,머리치장,커트,10000원,010-5419-2518,부산광역시 영도구 청학동로 50 (청학동),0
한식_일반,국제하이포크,오징어두루치기,7000원,051-405-8989,부산광역시 영도구 중리로 24 (동삼동),0
한식_육류,초량화진갈비삼겹살,대패삼겹살(90g),2500원,051-418-6683,부산광역시 영도구 영선대로 59 (영선동3가),0
한식_일반,옛날한우곰탕,곰탕,8000원,051-405-0801,"부산광역시 영도구 태종로 744, 5층 (동삼동)",5
한식_면류,"영도할매국수,과일",국수 무한리필,6000원,051-413-7272,부산광역시 영도구 절영로101번길 18 (영선동3가),별점 없음
한식_면류,동방밀면,밀면,7000원,051-416-9592,부산광역시 영도구 꿈나무길 239 (영선동2가),4.3
한식_일반,동규분식,떡볶이,5000원,051-418-6869,부산광역시 영도구 남항로19번길 1(남항동1가),0
한식_육류,대성식육식당,한우모듬(400g),58000원,051-413-3758,부산광역시 영도구 절영로7번길 36(봉래동2가),4
한식_일반,국수랑샤브랑,샤브샤브(소고기),12000원,051-414-0003,"부산광역시 영도구 남항로9번길 28, 1층(남항동1가)",5
기타서비스업,원당구장,이용료(10분),1500원,051-418-3832,"부산광역시 영도구 태종로 96, 3층(대교동2가)",0
한식_일반,초원곰탕,곰탕(경로우대),7000원,051-803-6652,"부산광역시 부산진구 부전로152번길 55, 1층(부전동)",0
이미용업,헤어코롱미용실,커트성인,8000원,051-000-0000,부산광역시 북구 양달로80-11 상가105호(화명동 코오롱),별점 없음
한식_육류,합천왕갈비,왕갈비150g,8000원,051-343-1155,부산광역시 북구 만덕1로35-2(만덕동),3
한식_면류,신가야밀면,물밀면,7000원,051-338-9898,부산광역시 북구 만덕2로44번길40,4.2
이미용업,더멋진이발관,커트,7000원,051-505-3988,부산광역시 동래구 여고로 113번길 16(사직동),5
이미용업,윤남성커트,커트,8000원,010-8519-0304,"부산광역시 동래구 명서로 146, 1층(명장동)",0
한식_기타,옛날 팥빙수,팥빙수,4000원,051-502-9440,부산광역시 동래구 아시아드대로 161(사직동),4.5
한식_일반,다보랑김밥분식,김밥,2500원,051-556-6678,부산광역시 동래구 명륜로 112번길23 (수안동),0
한식_면류,엄마손팥칼국수,팥칼국수,8000원,051-805-6343,부산광역시 부산진구 동평로44번길 62-14(당감동),5
한식_일반,논두렁,야채만두,9000원,051-808-1966,"부산광역시 부산진구 연지로 24, 1층(연지동)",2.6
이미용업,가인헤어아트,커트,7000원,051-891-8366,부산광역시 부산진구 엄광로 264(가야동),0
한식_일반,부잣집밀면,물밀면,5500원,051-867-0125,부산광역시 부산진구 새싹로8번길 32(부전동),3.8
한식_일반,정성담은,칼국수,6000원,051-643-0074,부산광역시 부산진구 범일로 148(범천동),0
한식_기타,분식휴게소,김치찌개,6000원,051-891-7009,"부산광역시 부산진구 냉정로 225, 1층(개금동)",별점 없음
세탁업,창진세탁,양복 상하,6000원,051-893-4167,부산광역시 부산진구 엄광로 70(가야동),0
기타양식,온타임,아메리카노,1500원,0507-1354-1469,부산광역시 부산진구 동성로 117(전포동),4.8
중식,옛날짜장,짜장면,2500원,051-816-7989,부산광역시 부산진구 중앙대로755번길 28(부전동),3.2
이미용업,굿맨헤어,컷트,11000원,051-897-0301,부산광역시 부산진구 당감로 53(당감동),0
한식_일반,부전소머리곰탕,소머리곰탕,8500원,051-809-7676,부산광역시 부산진구 가야대로765번길 23(부전동),별점 없음
한식_일반,삼삼오오,동태탕,8000원,051-898-0010,부산광역시 부산진구 동평로 29(당감동),0
한식_일반,장고방,황태구이,10000원,051-898-2488,부산광역시 부산진구 백양순환로 44-1(당감동),4
한식_일반,황금이네,국수,4500원,051-808-2707,부산광역시 부산진구 백양순환로 149-1(부암동),0
한식_기타,동두천부대찌개,부대찌개,8000원,051-898-0279,부산광역시 부산진구 당감로 34번길 11(당감동),4.1
이미용업,미짱헤어,컷트,15000원,051-896-0030,부산광역시 부산진구 백양산로53번길 103(담감동),0
한식_일반,오빠네골목식당,제육볶음,8000원,051-441-5581,부산광역시 중구 충장대로 5번길 32 (중앙동4가),5
한식_기타,대박분식,김밥,2000원,070-4233-1654,부산광역시 부산진구 가야대로482번길 14(개금동),5
한식_육류,송하화로구이,등심++(100g),27000원,051-868-9283,부산광역시 연제구 온천천남로 10,5
한식_일반,엄마국수,부추수제비,5500원,010-7793-9698,부산광역시 연제구 쌍미천로152번길 4,5
한식_일반,연동본가해장국,선지국밥,6000원,051-861-0928,부산광역시 연제구 과정로 302-1,3.6
한식_육류,아우미돈가스,로스까스,7000원,051-865-7604,부산광역시 연제구 배산로 1,5
한식_육류,민수네집,백반,7000원,051-865-0811,부산광역시 연제구 마곡천로 32,5
한식_일반,미를담다&미담삼계탕,활전복 한방 삼계탕,14000원,051-711-0353,부산광역시 연제구 연수로11번길 110,별점 없음
한식_일반,진미국수,순두부찌개,6000원,051-505-9329,부산광역시 연제구 종합운동장로 24,1
중식,석기시대,찐만두,6000원,010-****-****,"부산광역시 중구 동광길 75-1, 1층 (동광동5가)",4
한식_일반,급행,밀면,6000원,051-246-6970,부산광역시 중구 중앙대로 41번길 11-2 (중앙동1가),0
한식_일반,엔스토리,아귀탕(점심),12000원,051-256-2619,"부산광역시 중구 중구로 33번길 6-1, 1층(부평동1가)",4.8
중식,중국관,짜장면,4000원,051-302-8775,부산광역시 사상구 사상로481번길 28(모라동),4
기타양식,퍼짱,양지곰탕,8000원,010-****-****,"부산광역시 중구 충장대로 9번길 21, 1층 (중앙동4가)",4.7
한식_일반,기와집,자연산송이밥,10000원,051-961-8851,부산광역시 중구 대청로 137번길 7-2 (중앙동3가),5
한식_일반,자연분식 소문난칼국수,칼국수,5000원,051-752-1279,부산광역시 수영구 연수로415번길 26(수영동),4.5
이미용업,모완10,커트,12000원,051-337-6667,"부산광역시 북구 만덕2로44번길 72, 107동 108호 (만덕동, 대성종합상가)",0
한식_일반,한상,비빔밥,7000원,051-624-7277,부산광역시 수영구 남천바다로10번길 33(남천1동),0
한식_해산물,통통장어구이,장어구이,25000원,051-754-9001,부산광역시 수영구 광안해변로344번길 9-15(민락동),별점 없음
일식,아케스시,초밥8&데마끼,10000원,051-751-0077,부산광역시 수영구 남천바다로10번길 7(남천동),4.6
중식,명성관,짜장면,6000원,051-756-1638,부산광역시 수영구 광일로9번길 16(광안1동),4.6
한식_찌개류,동해,된장찌개,6000원,051-754-6352,부산광역시 수영구 망미로7번길 59(광안3동),5
세탁업,류박사종합세탁,양복,6000원,051-253-0972,부산광역시 서구 대영로 40 (서대신동1가),3
한식_면류,참들깨나루,들깨칼국수,6000원,051-523-7799,부산광역시 동래구 명장로22번길 28-4(명장동),5
한식_일반,은혜식당,된장찌개,8000원,051-466-1016,부산광역시 동구 초량중로80번길 3(초량동),0
중식,중국관,자장면,5000원,051-757-0411,부산광역시 수영구 호암로29번길 83 (광안2동),4.3
이미용업,경아헤어샵,커트,10000원,010-7343-0636,부산광역시 남구 석포로 53(감만1동),5
한식_일반,국수나라,김밥,2500원,051-628-9983,"부산광역시 남구 천제등로 30, 1층(대연1동)",0
기타양식,김현태베이커리,팥빵,1000원,010-4852-6177,부산광역시 남구 용호로 99(용호동),5
한식_육류,연산숯불갈비청국장뚝배기,청국장,8000원,051-866-5258,부산광역시 연제구 과정로265번가길 5,별점 없음
한식_일반,맛있어요,만두볶이,4000원,051-515-3325,"부산광역시 금정구 중앙대로 1817-11, 1층(구서동)",4
기타서비스업,태양전지,차량용 GB 배터리,50000원,051-525-2726,"부산광역시 금정구 반송로 357-1, 1층(서동)",0
한식_일반,감전재첩국,재첩국,8000원,051-317-3287,부산광역시 사상구 사상로123번길 17(감전동),0
한식_일반,우성숯불갈비,생삼겹살,10000원,051-817-5432,"부산광역시 부산진구 새싹로 86, 2층(범전동)",4.8
한식_일반,팔팔대패,대패삼겹,4500원,051-804-0810,"부산광역시 부산진구 새싹로87, 1층 101호(부압동)",3.8
한식_면류,엄마손칼국수,칼국수,6000원,051-463-6393,부산광역시 동구 수정중로 12(수정동),3.4
기타서비스업,체스보드게임,1시간(후불),2400원,051-583-9632,부산광역시 금정구 금강로 247-12(장전동),5
이미용업,남성컷트,커트,8000원,051-413-3799,"부산광역시 영도구 와치로 266, 1층 102호 (동삼동, 영도벽산비치타운)",0
이미용업,본미용실,커트,8000원,010-4473-8965,부산광역시 영도구 하나길 654(신선동1가),별점 없음
한식_일반,너와집,칼국수,6000원,051-418-0476,부산광역시 영도구 대교로2번길 56(봉래동3가),3.2
한식_일반,아치한상,정식,7000원,010-2307-0989,부산광역시 영도구 태종로765번길 7(동삼동),4.8
한식_일반,도날드즉석 떡뽁기,떡볶이 1인,3000원,051-413-9990,부산광역시 영도구 꿈나무길 267(신선동3가),별점 없음
목욕업,장수탕,목욕 대인,8000원,051-404-0855,부산광역시 영도구 동삼로81번길 28(동삼동),0
한식_일반,가야포차,수구레국밥,8000원,051-417-8885,부산광역시 영도구 남항로 23-1(남항동1가),5
한식_일반,연창돼지국밥,돼지국밥,8000원,051-404-2701,부산광역시 영도구 중리북로 8 (동삼동),4.3
한식_육류,고기밥상,된장찌개정식,8000원,051-416-9292,부산광역시 영도구 남항시장길 342(영선동2가),0
한식_일반,양푼이국수,양푼이국수,5000원,051-403-2245,부산광역시 영도구 절영로 490(동삼동),4.3
한식_일반,반송낙지,낙지볶음,10000원,051-543-3345,부산광역시 해운대구 신반송로182번길 11,0
한식_면류,만나웰빙맛집,국수,6000원,051-781-3708,"부산광역시 동래구 충렬대로 306, 103호(낙민동)",0
기타서비스업,맥스리뷰,"명함(일반,단면)",7700원,051-714-4012,부산광역시 금정구 중앙대로 1776(부곡동),0
양식,펠로,마르게리따,8900원,051-581-1998,부산광역시 금정구 부산대학로63번길 48(장전동),4.4
한식_면류,생생모밀,생모밀/막국수/우동/칼국수,4000원,051-525-5058,부산광역시 금정구 서동로 198(서동),4.5
기타서비스업,냉정실내운전연습장,장내+도로(2종),220000원,051-315-7005,부산광역시 사상구 가야대로 350(주례동) 2층,5
이미용업,가온미용실,남성커트,6000원,051-314-5353,부산광역시 사상구 사상로 218(괘법동) 3층,3.4
이미용업,훈이용원,커트,10000원,010-0000-0000,부산광역시 사하구 사하로141번길 51-6(괴정동),0
한식_육류,한성뒷고기,뒷고기,5000원,051-201-4668,"부산광역시 사하구 낙동대로451번안길 10, 1층(하단동)",0
한식_찌개류,진영소머리곰국,소머리곰국(일반),8000원,051-207-4959,부산광역시 사하구 하신번영로173번길 14(신평동),4.8
기타서비스업,카렘제과,맘모스빵,5000원,051-202-7065,부산광역시 사하구 장평로 433(괴정동),5
이미용업,안젤라헤어필,커트,10000원,051-204-6632,부산광역시 사하구 괴정로232번길 20(괴정동),0
중식,띵호짜장띵호,짜장면,4000원,051-261-9531,부산광역시 사하구 장림번영로 32(장림동),0
이미용업,김머리방,커트,7000원,010-4748-4532,부산광역시 수영구 수미로13번길 14 (망미2동),0
한식_면류,진미 양푼이 촌국수,국수,4000원,070-4388-8540,"부산광역시 동래구 사직북로47번길 30-2,1층(사직동)",2.3
일식,스시몬(몬스시),참치+연어(리필/1인),18000원,051-553-0303,"부산광역시 동래구 삼성대길 40, 1층(명륜동)",별점 없음
한식_면류,소문난손칼국수,손칼국수,5000원,051-524-0419,부산광역시 동래구 명안로86번길 17(명장동),4.2
한식_일반,기토식당,선짓국,7000원,051-632-2999,부산광역시 남구 자유평화로59번길 59(문현2동),4.5
한식_일반,풍각고향육개장,육개장,8000원,051-632-9481,부산광역시 남구 진남로 102(대연6동),5
이미용업,수화헤어,커트,10000원,051-637-2140,부산광역시 남구 전포대로92번길 6(문현2동),0
일식,물레수산 횟집,회비빔밥,10000원,051-631-3919,부산광역시 남구 지게골로 17-12(문현4동),3
한식_일반,하동돼지국밥,돼지국밥,7000원,051-336-4025,부산광역시 북구 만덕대로 68,4.8
한식_육류,거창숯불구이,한우등심(100g),11000원,051-333-7568,부산광역시 북구 만덕1로24번길 7-4(만덕동),0
한식_면류,원조기장손칼국수 기장시장본점,손칼국수,6000원,0507-1369-8757,부산광역시 기장군 기장읍 읍내로 104번길 16,4.8
이미용업,순영헤어샵,커트,10000원,010-2922-1580,부산광역시 수영구 망미번영로60번길 33 (수영동),0
기타서비스업,해변당구장,당구비 작은대대(10분당),1000원,010-000-0000,"부산광역시 사하구 다대낙조1길 5, 2층(다대동)",0
중식,명성짜장,짬뽕,4500원,051-783-8999,부산광역시 해운대구 재반로255번길 6-1(반여동),0
일식,생~생모밀,비빔모밀,3000원,051-523-5058,"부산광역시 해운대구 반여로 157-1, 1층(반여동)",0
한식_일반,우돈정,청소년할인(초등학생),4000원,051-747-2555,"부산광역시 해운대구 중동1로 4, 2층(우동, 동춘빌딩)",별점 없음
한식_일반,순돌이보리밥,찌짐,7000원,051-746-2579,부산광역시 해운대구 해운대해변로 334(중동),별점 없음
숙박업,퀸호텔,숙박(1인),30000원,051-242-3354,부산광역시 서구 충무대로82번길 11,0
한식_육류,하동집,돼지고기(150g),9000원,051-257-3081,부산광역시 서구 구덕로124번길 59-1,4.3
한식_육류,옛날집숯불고기,돼지갈비(200g),10000원,051-243-3930,부산광역시 서구 대영로73번길 11,별점 없음
한식_면류,수짱가,물국수,4500원,051-245-1407,"부산광역시 서구 구덕로334번길 10, 101호",5
한식_일반,알밥덮밥전문점My Place,고기간장계란밥+찌개,6500원,010-8540-7494,부산광역시 금정구 금강로321번길 68(장전동),별점 없음
한식_면류,두근두근 주먹밥,"면요리(우동, 국수)",5000원,010-5527-1395,부산광역시 금정구 수림로85번길 61(장전동),0
한식_일반,정다옥설렁탕,설렁탕,10000원,051-623-1233,"부산광역시 사상구 농산물시장로22, 103호(엄궁동)",3.3
한식_일반,팔도족발,족발(소),17000원,051-996-6079,부산광역시 금정구 서동로 187-7(서동),4
세탁업,크린하우스,정장 1벌 드리아,5000원,051-292-8885,부산광역시 사하구 괴정로232번길 11(괴정동),0
한식_일반,비빔밥멸치국수,김밥,3000원,051-271-2566,"부산광역시 사하구 옥천로75번길 5, 1~2층(감천동)",0
한식_일반,시민돼지국밥,돼지국밥,8000원,051-205-1220,"부산광역시 사하구 사리로 20, 1층(괴정동)",3
중식,후차이,짜장면,6000원,051-328-6000,"부산광역시 사상구 엄궁로 206, 섬진아파트 4차상가 203호",0
한식_일반,진주네,회덮밥,4500원,051-324-3391,부산광역시 사상구 낙동대로766-8(엄궁동),4.1
한식_일반,오륙도낙지,낙지볶음,10000원,051-301-5253,부산광역시 사상구 모라로64(모라동),4.8
한식_일반,삼락하동재첩국,재첩국,8000원,051-301-7200,부산광역시 사상구 낙동대로1518번길33(삼락동),4.1
한식_면류,이상재 함흥냉면,밀면,7000원,051-625-5678,부산광역시 남구 신선로 435,4.6
한식_일반,쌍둥이네 보리밥,보리밥,7000원,051-622-6188,부산광역시 남구 용호로90번길 13-4,5
한식_일반,두메골 청국장,청국장,9000원,051-624-1955,"부산광역시 남구 수영로 205-11, 1층",3.8
한식_일반,서울설렁탕,(양지)설렁탕,8000원,051-529-1341,부산광역시 금정구 개좌로27번길 36(서동),5
한식_일반,화반 부민1호점,비빔밥+김치찌개,8500원,051-255-8727,부산광역시 서구 구덕로 199번길 5,4.9
한식_일반,통발장어,장어구이정식,11000원,051-524-5959,부산광역시 금정구 서부로 22,4
중식,짬뽕땡기는날,짜장면,5000원,051-293-3030,"부산광역시 강서구 명지오션시티10로 16, 상가241가호(명지동)",4.2
한식_일반,나라소머리곰탕,곰탕,8000원,051-865-6336,"부산광역시 부산진구 동평로420번길 13, 1층(양정동)",0
한식_면류,회국수할매집,회국수,7000원,051-817-9260,부산광역시 부산진구 서면문화로 5(부전동),3.5
이미용업,김도형남성컷,커트,8000원,010-5636-5875,부산광역시 수영구 망미번영로38번길86 (광안3동),3.5
한식_분식,김밥마을,김밥,2200원,051-628-5577,부산광역시 수영구 수영로384번길42,4.4
이미용업,남자머리,남성 커트,9000원,010-9853-8255,"부산광역시 수영구 수영로565, 1층",0
한식_한정식,진수성,곰탕,10000원,010-9070-8711,부산광역시 수영구 남천바다로15번길 10,5
한식_일반,하진식당,된장찌개+돈까스,8000원,051-753-5534,"부산광역시 수영구 수영로523, 1층",5
한식_면류,봉평신조막국수,메밀막국수,7900원,051-555-9977,"부산광역시 동래구 동래로147번길2, 1층(복천동)",2.8
한식_면류,부산밀면,물밀면,6000원,051-247-7775,부산광역시 서구 대영로 18번길 13,5
이미용업,명작미용실,파마,22000원,051-465-9775,부산광역시 동구 수정동로 3-1(수정동),0
한식_일반,거북집,복국,10000원,051-247-1100,부산광역시 서구 충무대로 82번길 35,3.6
한식_일반,착한가게,시락국,5000원,010-3565-1269,부산광역시 서구 충무대로 189-6,0
한식_육류,스파생고기,동태탕,8000원,051-231-9407,부산광역시 서구 충무시장길 52,5
한식_육류,남강숯불갈비,된장찌개,7000원,051-254-8108,부산광역시 서구 충무대로 255번길 9,0
한식_일반,아늑한식당,김치찌개,7000원,051-553-9461,부산광역시 동래구 중앙대로1493번길28(온천동),5
한식_일반,부원돼지국밥,돼지국밥,7000원,051-505-6345,부산광역시 동래구 여고로91번길90(사직동),3.8
한식_일반,행복순두부,순두부,6000원,010-2561-4223,"부산광역시 동래구 명장로48번길12, 1층(명장동)",2.3
이미용업,미나헤어,드라이,6000원,051-784-3385,부산광역시 해운대구 해운대로61번길 97 1층(반여동),0
기타양식,데일리 팡,소보로빵,900원,051-731-2297,부산광역시 해운대구 중동1로 38,0
한식_면류,기장멸치국수,멸치국수,4000원,051-632-2224,부산광역시 동구 자성로 133번길 49(범일동),2.9
이미용업,두발할인점,컷트(일반),6000원,010-7345-8129,"부산광역시 동구 초량로13번길 43, 2층(초량동)",0
한식_일반,부성식당,정식,8000원,051-643-1059,부산광역시 동구 자성공원로 17-2(범일동),0
한식_일반,정아밀면돼지국밥,밀면,6000원,051-468-3440,부산광역시 동구 중앙대로251번길 18(초량동),4.3
한식_일반,풍전칼국수,추어탕,9000원,051-462-7617,부산광역시 동구 중앙대로 371번길 23-4(수정동),0
한식_일반,수림,돌솥우동,7000원,051-442-5535,부산광역시 동구 초량중로93번길 12-1(초량동),5
한식_일반,중앙충무김밥 아침n김밥,충무김밥,6500원,051-644-6666,부산광역시 동구 자성공원로 23-3(범일동),별점 없음
한식_육류,대갓집,생삼겹(150g),8000원,051-441-0086,부산광역시 동구 수정로 28(수정동),5
한식_육류,제주암돼지 왕소금구이,암돼지오겹살(130g),9900원,051-633-9285,부산광역시 동구 범일로102번길 9(범일동),5
한식_일반,일미정,한정식,10000원,051-468-6248,부산광역시 동구 고관로29번길 14-1(초량동),4.8
한식_일반,장원돼지국밥,돼지국밥,8000원,051-466-7733,부산광역시 동구 고관로 129-1(수정동),2.9
한식_일반,원앙분식,충무김밥,6500원,051-462-8069,부산광역시 동구 고관로 122-1(수정동),4.4
한식_일반,미락정,된장찌개,9000원,051-466-1547,부산광역시 동구 중앙대로180번길 12-13(초량동),4.8
양식,쇠가리수제돈까스,수제돈까스,8000원,051-464-9232,부산광역시 동구 망양로 735(수정동),4
한식_일반,부광식당,백반/덮밥류,6500원,051-514-9102,부산광역시 금정구 금강로321번길 72(장전동),2.6
한식_일반,초량낙지볶음,낙지볶음,9000원,051-464-9978,부산광역시 동구 중앙대로236번길 7-6(초량동),3.9
중식,자유관,자장면,6000원,051-469-6646,"부산광역시 동구 중앙대로 324, 1층",3.5
한식_일반,범일동양푼이동태백반,동태백반,8000원,051-631-4613,부산광역시 동구 자성공원로 1-6(범일동),4.5
한식_일반,문출래된장,차돌박이 된장찌개,9000원,051-469-9609,부산광역시 동구 중앙대로214번길 3-6(초량동),3.7
한식_일반,초량영동밀면,물밀면,6000원,051-442-5537,부산광역시 동구 대영로243번길 107(초량동),3.7
중식,모리향,짜장면,5500원,051-868-1471,부산광역시 연제구 중앙천로37번가길 34,4.1
한식_육류,유식당,냉동삼겹살(100g),4500원,051-783-0109,부산광역시 해운대구 재반로155,5
기타양식,더커피(THE COFFEE),에이드,3000원,051-782-5222,부산광역시 해운대구 재반로270번길 6,0
기타양식,윤카페,아메리카노,1000원,010-6556-3306,부산광역시 금정구 서부로 12(서동),1
한식_일반,밀양콩나물해장국,콩나물해장국,5000원,051-522-7577,부산광역시 금정구 서동로 196(서동),0
이미용업,김혜선 미용실,커트,10000원,051-514-5816,부산광역시 금정구 금강로 425 (구서동),0
한식_육류,돈갈비,돼지갈비(200g),10000원,051-867-0600,부산광역시 북구 의성로 109번길 34-2(덕천동),0
한식_일반,유식당,대패삼겹살(1인분),3000원,051-583-5773,부산광역시 금정구 동현로16번길 95(부곡동),4.6
한식_면류,정성칼국수,칼국수,4500원,051-323-2370,부산광역시 사상구 새벽시장로56번길 23(감전동),4.2
이미용업,영,커트,6000원,051-311-9683,부산광역시 사상구 낙동대로 760-8(엄궁동),5
이미용업,까꼬뽀꼬,커트,6000원,051-322-8734,부산광역시 사상구 새벽시장로46번길 29(감전동),0
한식_일반,편식,자장면,4000원,051-316-3373,부산광역시 사상구 엄궁남로 38(엄궁동),5
양식,명품수제왕돈까스,왕돈까스,8000원,051-323-8855,"부산광역시 사상구 사상로 208-1, 102호(괘법동,사상티오피)",4.4
한식_일반,오리가,순두부,8000원,051-323-8899,부산광역시 사상구 광장로37번길 73(괘법동),5
한식_면류,만복밀면,밀면,7000원,051-322-5179,부산광역시 사상구 새벽로167번길 61(감전동),3.3
중식,웁스차이나,짜장면,5000원,051-336-8817,부산광역시 북구 시랑로 48,4.7
이미용업,달팽이미용실,커트,7000원,051-342-6164,부산광역시 북구 의성로 115번길 3 1층(덕천동),0
기타서비스업,맘씨생활건강,세탁비누,2000원,051-343-1008,부산광역시 북구 만덕3로 33번길 8(만덕동),5
한식_면류,함흥면옥,설렁탕,8000원,051-987-4326,부산광역시 부산진구 새싹로30.경동파크117호(부전동),4
한식_일반,강릉식당,정식,7000원,051-334-5558,부산광역시 북구 만덕1로 19(만덕동),5
한식_일반,통도야지 김치전골,김치전골,8000원,051-332-1440,부산광역시 북구 금곡대로20번길 11(덕천동),5
한식_일반,어미당,아구찜 소,30000원,051-342-2020,부산광역시 북구 만덕대로 21-1(덕천동),5
한식_일반,장미돼지국밥,국밥,7000원,051-293-4249,"부산광역시 사하구 오작로8번안길 7, B101호(괴정동)",2.6
이미용업,모아미용실,파마,30000원,051-204-8590,부산광역시 사하구 사하로198번길 18(괴정동),0
한식_육류,꿀꿀이왕국,돼지갈비(250g),7000원,051-292--4405,부산광역시 사하구 하신번영로167번길 25(신평동),4
이미용업,선헤어클럽,파마,30000원,051-291-9925,부산광역시 사하구 장평로420번길 7(괴정동),0
한식_일반,동해옥,철판순대구이(수제),11000원,051-204-9594,부산광역시 사하구 제석로18번길 78(당리동),4
한식_일반,가야포차선지국밥,선지국밥,7000원,051-894-6921,부산광역시 부산진구 가야공원로58 (가야동),3.1
한식_면류,서울칼국수,칼국수,3000원,051-868-6601,부산광역시 부산진구 동평로418 (양정동),4.2
한식_일반,고향솥밥,솥밥+순두부,10000원,051-816-7123,부산광역시 부산진구 중앙대로743번길21,별점 없음
한식_일반,정원식당,뼈다귀해장국,8000원,051-628-2824,부산광역시 수영구 부산광역시 수영구 남천바다로10번길 41(남천동),4.5
한식_일반,민속집,오리백숙,50000원,051-818-9995,부산광역시 부산진구 새싹로29번길14-5(부전동),5
한식_면류,연제왕칼국수,왕칼국수(만두포함),7000원,051-853-2209,부산광역시 연제구 연수로87번길 15,4.1
한식_육류,맑은생고기식육식당,삼겹살(120g),8000원,051-867-0311,부산광역시 연제구 연수로87번길 38,5
한식_면류,광화냉면,냉면,8000원,051-253-4823,부산광역시 서구 대영로 73번길 108,4.5
한식_일반,3678통장어,장어탕,8000원,051-242-3678,부산광역시 서구 구덕로 280번길 17,5
기타서비스업,송도대림볼링센터,게임비,3700원,051-245-5530,부산광역시 서구 충무대로 133,3
한식_일반,명문김밥,원조김밥,2000원,051-254-9295,부산광역시 서구 구덕로 124번길 16-1,3.5
기타양식,다니엘 쿠키,초코칩쿠키,1200원,010-****-****,"부산광역시 중구 대청로137번길9, 2층(중앙동3가)",5
한식_일반,민아식당,따로국밥,8000원,051-462-1774,부산광역시 중구 충장대로 9번길 21-1(중앙동4가),2.8
목욕업,천지탕,대인,6000원,010-3838-0884,부산광역시 수영구 수영로606번길126(광안동),4
이미용업,성화미용실,커트,10000원,051-623-6271,"부산광역시 수영구 남천바다로9번길 6, 1층(광안동)",0
한식_분식,로뎀국수칼국수,국수,4000원,051-808-1620,"부산광역시 사상구 주례로27번길 9, 1층 (주례동)",4
한식_일반,행복한오리,점심특선,9000원,051-623-8292,부산광역시 남구 수영로153 (대연동),4.7
양식,탱크돈까스,탱크돈까스,7500원,051-611-0104,부산광역시 남구 수영로219번길56 (대연동),4.5
한식_일반,쭈꾸미국민삼겹,통마리대패100g,4900원,051-523-1114,부산광역시 동래구 명륜로129번길30(명륜동),0
한식_일반,기장가마솥추어탕,추어탕정식(추어탕+돌솥밥),9000원,0507-1322-4644,부산광역시 기장군 일광면 이천길 25-3,4.1
한식_육류,얼쑤대박터지는집,대패삼겹살(90g),3900원,051-723-9282,부산광역시 기장군 기장읍 차성로 338,0
한식_일반,송림시골밥상,시골밥상,8000원,051-304-1917,부산광역시 사상구 삼덕로 57 (덕포동),1
한식_일반,보리고개,보리밥뷔페,6000원,051-305-8598,부산광역시 사상구 사상로342번길 6 (덕포동),0
기타서비스업,파레토네 제과점,소보루(2개),1800원,051-304-5232,부산광역시 사상구 사상로342번길 27 (덕포동),0
한식_육류,삼우정숯불갈비,된장찌개,7000원,051-301-3592,부산광역시 사상구 덕상로 16 (덕포동),5
한식_육류,시골솥단지삼겹살,된장찌개,7000원,051-302-1078,부산광역시 사상구 백양대로768번길 12-6 (덕포동),0
중식,문화관,자장면,5000원,051-317-8586,부산광역시 사상구 학감대로 260 (감전동),별점 없음
한식_일반,오양수산장어구이센터,장어구이(1kg),42000원,051-721-0074,부산광역시 기장군 기장읍 기장해안로 548-3,3.4
한식_기타,오대양횟집,회덮밥,8000원,051-327-9463,"부산광역시 사상구 주례로 12, 1층 (주례동, 광영빌딩)",4.7
한식_육류,행복한오리,생오리,25000원,051-254-5999,부산광역시 서구 충무대로 255번길 9,4
한식_일반,금호식당,까치복국,12000원,051-255-4379,부산광역시 서구 충무대로 177번길 7,4
한식_일반,송도추어탕,어탕국수,8000원,051-255-2122,부산광역시 서구 충무대로 79-1,4.5
숙박업,아비쑝,숙박,40000원,051-253-1684,부산광역시 서구 송도해변로191,별점 없음
목욕업,대영탕,대인,7000원,051-254-9515,부산광역시 서구 구덕로 132번길 9,0
세탁업,동광세탁소,바지,4000원,051-256-9047,부산광역시 서구 충무대로 267번길 6-1,0
기타양식,풍경품은천마,커피,2000원,1067122324,부산광역시 서구 천마산로370,0
한식_일반,바보면가,손칼국수+돈까스,6000원,051-255-8336,부산광역시 서구 임시수도기념로21-10,4.6
이미용업,사랑방미용실,커트,5000원,051-242-8977,부산광역시 서구 대티로 131,0
한식_육류,부산양곱창,특양구이(400g),40000원,051-257-1368,부산광역시 서구 천마로 150-1,5
한식_육류,보거스고깃집,국내산삼겹살(120g),8000원,010-4561-4600,부산광역시 연제구 배산로 22,5
한식_일반,조선국밥,돼지국밥,8000원,051-721-0999,"부산광역시 기장군 기장읍 반송로 1642, 1층",4.4
한식_일반,이가야,호박죽,4000원,051-802-8817,부산광역시 부산진구 새싹로8번길37(부전동),0
한식_일반,양가손만두,잔치국수,4500원,051-894-9870,부산광역시 부산진구 가야대로482번길16(개금동),3.4
한식_일반,충만꼬마김밥,꼬마김밥,3000원,051-581-6667,부산광역시 부산진구 동평로405번길 7(양정동),3.7
한식_일반,미소정 멸치국수,멸치국수,4000원,051-242-8531,부산광역시 서구 대영로 85번길 24-1,5
이미용업,류헤어,커트,6000원,010-2988-3770,부산광역시 수영구 부산시 수영구 광서로 12(광안동),1
한식_일반,남천식육식당,소고기국밥(점심특선),6000원,051-623-2446,부산광역시 수영구 수영로464번길 10(남천2동),4
이미용업,맨인블랙,남성커트,6000원,051-761-0833,부산광역시 연제구 과정로191번가길 62(연산동),0
중식,최짬뽕달인,해물짬뽕,6000원,051-757-3183,부산광역시 연제구 과정로 105-3(연산동),3.6
한식_육류,포항식당,돼지갈비(200g),9000원,051-867-1713,부산광역시 연제구 연동로7번길 12(연산동),3
기타서비스업,유진모터스,엔진오일교환(중형차),70000원,051-758-2046,부산광역시 연제구 마곡천로 2(연산동),5
이미용업,양지미용실,커트,8000원,010-3239-3637,부산광역시 북구 금곡대로20번길 37(덕천동),0
한식_일반,평사리순두부,순두부찌개,8000원,051-867-2988,부산광역시 연제구 중앙천로19번길 40(연산동),3.8
한식_일반,애돈촌돼지국밥,돼지국밥,9000원,051-851-2677,부산광역시 연제구 연제로 27(연산동),4
한식_육류,삼우정식당,삼겹살150g,8000원,051-862-1182,부산광역시 연제구 과정로344번길 26(연산동),0
기타서비스업,책임밧데리,밧데리80L,85000원,051-865-5151,부산광역시 연제구 거제천로 195-1(거제동),5
이미용업,이주연헤어샵,커트,8000원,051-255-7889,부산광역시 사하구 장평로449번길 41 (괴정동),0
중식,신기루,짜장면,4000원,051-294-8888,부산광역시 사하구 낙동대로323번길 10(괴정동),3
한식_일반,헬로갈비,돼지갈비(300g),12000원,051-292-2229,부산광역시 사하구 하신번영로157번길 40(신평동),5
한식_일반,도랑가마솥추어탕,추어탕,9000원,051-204-2071,부산광역시 사하구 낙동대로451번안길 7(하단동),0
한식_면류,홍천손칼국수,칼국수,4000원,051-338-7179,부산광역시 북구 금곡대로20번길 10(덕천동),4.2
양식,돈까스 일번지,등심돈까스,6000원,051-362-5550,부산광역시 북구 효열로235번길 13(금곡동),4.8
중식,북구반점,짜장면,5000원,051-304-7876,부산광역시 북구 낙동대로1570번가길 7(구포동),5
이미용업,헤어드림,커트,15000원,051-623-6036,부산광역시 남구 진남로36번길 31(대연동),0
이미용업,헤어톡,커트,12000원,051-337-7270,부산광역시 북구 은행나무로13(만덕동),0
이미용업,헤어스케치,커트,10000원,051-000-0000,"부산광역시 북구 상학로 5, 1층(만덕동)",0
중식,만복관,자장면,4000원,051-502-5759,부산광역시 동래구 명장로93(명장동),5
한식_일반,시골추어탕,추어탕,8000원,051-556-4048,부산광역시 동래구 명륜로112번가길 35(명륜동),1
이미용업,경희헤어,퍼머,30000원,051-531-3378,부산광역시 동래구 명안로 86번길 17(명장동),0
한식_일반,봉달이 김밥,김밥,2500원,051-502-5757,부산광역시 동래구 사직북로 29(사직동),3.3
한식_기타,먹을래싸갈래,도너츠,800원,051-501-3134,부산광역시 동래구 사직북로 33번길 12(사직동),4.3
한식_육류,미남숯불구이,양념갈비200g,9000원,051-507-7668,부산광역시 동래구 아시아드대로227(온천동),4.8
목욕업,청암탕,목욕료(성인),7000원,051-622-5567,부산광역시 수영구 부산시 수영구 광남로48번길 8(남천동),0
한식_일반,원조본가산곰장어집,장어탕,7000원,051-553-8377,부산광역시 동래구 명륜로 98번길 42(수안동),4
이미용업,선우이발원,커트,7000원,051-556-2804,부산광역시 동래구 금강로 84(온천동),별점 없음
한식_육류,콩백이야기,콩불,7000원,051-405-0767,부산광역시 영도구 동삼동로 7(동삼동),3.3
일식,에끼카레,에끼카레,7000원,051-612-7718,"부산광역시 남구 못골로62, 2층(대연동)",4.6
한식_일반,양가 손만두 큰아들점,라면,3000원,051-622-9870,부산광역시 남구 못골로 66(대연동),3.1
한식_일반,문화복국,은복,8000원,051-621-7040,부산광역시 남구 유엔평화로76번길 28(대연동),4.4
한식_일반,영도해장국집,선짓국,5000원,051-413-3847,부산광역시 영도구 남항로9번길 4(남항동1가),4.5
한식_육류,부산갈매기,삼겹살(120g),9000원,051-412-2911,부산광역시 영도구 대교로2번길 46-1(봉래동3가),5
이미용업,아아이용원,커트,8000원,051-416-4397,부산광역시 영도구 청학동로 27-1(청학동),0
이미용업,대성이용원,커트,8000원,051-417-6472,부산광역시 영도구 청학동로 39(청학동),0
한식_육류,외양간혜림,등심(100g),25000원,051-418-7080,부산광역시 영도구 남항로 23(남항동1가),5
이미용업,희망이용원,커트,5000원,051-416-8716,부산광역시 영도구 대교로2번길 14(봉래동3가),0
한식_육류,미조뒷고기,뒷고기(400g),14000원,051-403-0272,부산광역시 영도구 태종로 724(동삼2동),4
중식,유니짜장,짜장면,5000원,051-417-2457,부산광역시 영도구 꿈나무길 104(영선동2가),4
중식,옛날짜장,자장면,6000원,051-343-3838,부산광역시 북구 덕천2길13,0
이미용업,까꼬뽀꼬,컷트,6000원,051-852-2779,부산광역시 금정구 중앙대로1719번길 29(부곡동),0
기타양식,해피토스트,계란토스트,2000원,051-515-5397,부산광역시 금정구 중앙대로1793번길 40(구서동),별점 없음
중식,청춘탕수육,짜장면,5000원,051-468-3786,부산광역시 중구 대청로135번길18 (중앙동4가),4.5
한식_면류,마산손팥칼국수,팥칼국수,5000원,051-243-7226,부산광역시 서구 자갈치로 10(충무동1가),별점 없음
한식_일반,뚜레박,청국장,6000원,051-246-5233,부산광역시 서구 엄광산로 32(암남동),3.7
일식,미가도횟집,회초밥,13000원,051-244-6266,부산광역시 서구 구덕로 350 문화아파트 103호 상가(동대신동3가),5
한식_찌개류,산에산에,물국수,5000원,051-327-8878,부산광역시 사상구 백양대로 921-14(모라동),5
한식_기타,밥을 짓다,한식뷔페,7000원,051-324-9903,"부산광역시 사상구 학감대로 236, 2층(감전동)",4.4
한식_일반,평강오리,오리불고기(국산 한마리),34000원,051-305-7258,부산광역시 사상구 사상로309번길 43(삼락동),2.5
이미용업,헤어팡,커트,10000원,051-312-1426,부산광역시 사상구 백양대로500번길 3(주례동),0
목욕업,아주탕,대인,7500원,051-334-8586,부산광역시 북구 기찰로129번길52,0
한식_육류,동주숯불구이막국수,생노겹살(100g),6000원,051-293-8443,부산광역시 사하구 하신번영로173번길 20(신평동),4.5
이미용업,헤어홀릭,커트,10000원,051-341-1300,부산광역시 북구 백양대로 1024,3
이미용업,럭키투미용실,커트,8000원,051-331-1135,부산광역시 북구 덕천로234번길 34,0
기타양식,마들렌,단팥빵,1300원,051-361-0065,부산광역시 북구 양달로 8번길 12,3.7
세탁업,백송세탁소,와이셔츠,2500원,051-338-0731,부산광역시 북구 시랑로107,0
목욕업,낙원탕,"성인, 학생",7000원,051-343-3381,부산광역시 북구 화명대로 86-8,4.3
한식_일반,산수골,한식뷔페,6000원,051-972-6388,부산광역시 강서구 제도로 809-3(강동동),5
이미용업,꿀벌미용실,파마,30000원,051-292-7680,"부산광역시 사하구 낙동대로 207, 1층(괴정동)",0
중식,화랑찜닭,화랑찜닭(중),20000원,051-208-9989,"부산광역시 사하구 승학로233번길 50, 2동 1호(괴정동, 괴정자유2차)",0
중식,짜자장,짜장면,5000원,051-206-0755,부산광역시 사하구 장평로449번길 29(괴정동),0
한식_일반,전주명품콩나물국밥,콩나물국밥,5500원,051-203-8877,"부산광역시 사하구 낙동대로 271, 201호(괴정동, 신동양상가)",5
한식_일반,영주복국,은복,10000원,051-202-6316,부산광역시 사하구 하신번영로167번길 28(신평동),5
한식_면류,옥이네 밀면 칼국수,물밀면,6000원,051-757-7568,부산광역시 수영구 부산광역시 수영구 민락로 13 (민락동),4.7
중식,남경,짜장면,4000원,051-206-3453,부산광역시 사하구 괴정로 282(괴정동),3.6
한식_기타,하동녹차팥빙수,팥빙수,5800원,051-555-3358,부산광역시 동래구 중앙대로 1367번길 48-23(온천동),2.5
한식_찌개류,최가국밥,돼지국밥,7000원,051-314-3063,"부산광역시 사상구 가야대로366번길 43, 2층(주례동)",0
기타양식,카페두콩,아메리카노,2500원,010-****-****,부산광역시 중구 흑교로46번길 8 (보수동1가),5
기타양식,카페콩자루,카페라떼,3000원,051-911-2807,부산광역시 기장군 기장읍 차성로 322번길 13,5
한식_일반,하림오리마을,오리불고기정식,8000원,051-503-3639,부산광역시 동래구 충렬대로148번길 16(온천동),5
한식_면류,미남칼국수,손칼국수,6500원,051-507-5278,"부산광역시 동래구 석사북로99, 미남아트빌 1층 (온천동)",5
한식_일반,여수식당,김치찌개,8000원,051-505-2179,부산광역시 동래구 아시아드대로 220번길 10(온천동),4
한식_육류,뒷통구이,뒷통구이100g,7500원,051-527-7333,부산광역시 동래구 사직북로19번길 21-4(사직동),0
한식_육류,초량화성갈비,김치찌개,6000원,051-556-8900,부산광역시 동래구 명륜로 129번길 20(명륜동),3
숙박업,동래온천호텔,"숙박료(주중,일)",22000원,051-912-0815,부산광역시 동래구 동래로 19번길 11(온천동),1
일식,풍미회초밥,회정식,15000원,051-868-1156,부산광역시 연제구 거제대로178번길 67(거제동),5
한식_일반,일품 미락,된장찌개,5000원,051-756-0453,부산광역시 수영구 부산광역시 수영구 호암로29번길 95 (광안동),별점 없음
한식_일반,삼거리식당,돼지국밥,7500원,051-757-5840,부산광역시 수영구 부산광역시 수영구 수영로521번길 13-6 (광안동),0
한식_면류,장터 손칼국수,김밥,3000원,051-757-7748,부산광역시 수영구 부산광역시 수영구 남천바다로 11-1 (광안동),3.8
한식_일반,왕밀냉면,수제돈까스,8000원,051-245-3078,부산광역시 서구 충무대로 122-1,별점 없음
한식_일반,촌국수정식,간장게장정식,7000원,051-241-2100,부산광역시 서구 충무대로82번길 22(암남동),0
한식_일반,유리네항아리수제비,황태해장국,6000원,010-5513-7657,부산광역시 서구 엄광산로 24(서대신동3가),0
한식_면류,원조개성손만두 유황오리,만둣국,7000원,051-864-2466,부산광역시 연제구 진연로 29(거제동),3.3
숙박업,호텔오마이,숙박,40000원,051-751-5800,부산광역시 연제구 과정로191번길 59(연산동),별점 없음
이미용업,MAN(남성컷전문),커트,6000원,051-756-0815,부산광역시 연제구 고분로236번길 70(연산동),별점 없음
이미용업,도리오헤어,커트,9000원,051-864-0017,부산광역시 연제구 배산로 14(연산동),0
세탁업,하나둘세탁,양복1벌,7000원,051-759-8449,"부산광역시 연제구 고분로 200, 208호(연산동,LG상가)",0
한식_일반,시장통 칼국수,칼국수,4500원,051-926-4121,부산광역시 남구 수영로219번길 26(대연동),4.3
한식_육류,멧집,찌개백반류,8000원,051-852-4458,부산광역시 연제구 거제시장로14번길 52(거제동),4.7
한식_일반,평양냉면,불고기정식,9000원,051-502-8038,부산광역시 연제구 아시아드대로28번길 13(거제동),3.8
한식_분식,김밥하우스,김밥(1줄),2500원,051-302-4332,부산광역시 사상구 사상로 487(모라동),0
한식_면류,대한손칼국수,칼국수,5500원,051-326-2778,부산광역시 사상구 새벽시장로 53(감전동),5
중식,산동반점,자장면,6000원,051-313-3759,부산광역시 사상구 광장로87번길 18(괘법동),3.3
한식_일반,부림생오리,생오리불고기정식(점심특선),8000원,051-323-3557,부산광역시 사상구 대동로 326 (감전동),0
기타양식,옌닌쌀국수,해산물쌀국수,7000원,051-327-9463,부산광역시 사상구 사상로309번길 19(덕포동),0
한식_육류,호돌이갈비,국내산왕갈비,9800원,051-303-3085,부산광역시 사상구 사상로 285(덕포동),3.3
한식_면류,또와손칼국수,칼국수,5500원,051-304-5858,부산광역시 사상구 사상로285번길 25 (덕포동),5
중식,천일각,자장면,4000원,051-304-6643,부산광역시 사상구 사상로319번길 33(덕포동),5
세탁업,동양,세탁료(양복1벌),6500원,051-301-8540,"부산광역시 사상구 사상로 277번길 45 (삼락동, 동양한신상가 4동 418호)",0
중식,행복한 칼짜장,짜장면,4500원,051-265-2090,부산광역시 사하구 부산광역시 사하구 다대로277번길 21 (장림동),2
이미용업,역전이용원,커트,8000원,051-000-0000,부산광역시 북구 낙동대로1694번가길10,0
이미용업,꽃샘미용실,커트,10000원,051-342-4135,부산광역시 북구 금곡대로20번길 47,0
기타양식,규문당과자점,단팥빵,1500원,051-336-7386,부산광역시 북구 덕천로306(만덕동),4
기타양식,파네토네,마카롱,1100원,051-342-7127,부산광역시 북구 금곡대로322,5
한식_면류,다다생모밀,생모밀,3000원,051-782-1009,부산광역시 해운대구 재반로225번길 5,4.7
한식_면류,오.별난멸치국수,열무국수,7000원,051-747-5711,부산광역시 해운대구 좌동순환로503,4.1
중식,홍복,유니짜장,4000원,051-417-0763,부산광역시 영도구 절영로49번길 30(남항동1가),3.2
한식_일반,서울집,소곱창전골,11000원,051-416-4845,"부산광역시 영도구 태종로99번길 28(봉래동2가, 동진아파트상가)",3
한식_일반,봉이칼국수,옛맛칼국수,6000원,051-903-6675,부산광역시 영도구 남항로 1(남항동1가),3.8
한식_일반,등마루식당,정식,7000원,051-415-5912,부산광역시 영도구 봉래나루로246번길 20 (봉래동3가),0
한식_일반,봉래밀면,밀면,6000원,051-417-7799,부산광역시 영도구 태종로105번길 17(대교동2가),4
한식_일반,개미식당,돼지국밥,6000원,051-628-1073,부산광역시 남구 용호로 110번길 17(용호동),4.9
한식_일반,동경식당,추어탕,10000원,051-469-7162,부산광역시 중구 대청로 99번길 16 (대청동2가),0
한식_일반,단골식당,묵은지김치전골,8000원,051-441-8540,부산광역시 중구 동광길193 (영주1동),3.2
한식_기타,밥만퍼 반찬,국,3000원,051-784-2504,부산광역시 해운대구 재반로 81-16,0
한식_육류,오복식육식당,삼겹살(100g),7000원,051-751-2911,부산광역시 연제구 연안로8번길 40(연산동),0
한식_육류,참숯마을,반계탕,8500원,051-867-9211,부산광역시 연제구 월드컵대로111번길 6-8(연산동),5
한식_일반,우정,돌솥비빔밥,6500원,051-504-3072,부산광역시 연제구 교대로 9(거제동),0
중식,충남반점,짜장면,5500원,051-866-0222,부산광역시 연제구 반송로 50-8(연산동),별점 없음
한식_일반,토담식당,된장찌개,7000원,051-851-0006,부산광역시 연제구 과정로 335-1(연산동),0
기타양식,착한가격착한 빵집쉐프윤,팥빵,700원,051-612-8527,부산광역시 남구 수영로 196번길 23(대연동),0
한식_일반,미포낙지,낙지,8000원,051-611-6674,부산광역시 남구 동명로 158번길 76(용호동),5
한식_일반,남보현 국수집,국수,5000원,051-612-4843,부산광역시 남구 못골번영로 27(대연동),3.5
이미용업,맨투맨,커트,7000원,010-3849-6933,"부산광역시 영도구 영선대로 82 상가동106호 (영선동2가, 동부산아이존빌)",0
기타서비스업,아인당구장,게임료(10분),1000원,010-9343-4210,부산광역시 서구 천마로 232,0
한식_육류,소떼숯불소늑간살,돼지갈비(150g),9000원,051-261-7688,부산광역시 서구 구덕로124번길 38,별점 없음
이미용업,777헤어샵,커트(남),10000원,051-244-2430,부산광역시 서구 자갈치로 8-1,0
한식_일반,시골집,김치찌개,7000원,051-257-9027,부산광역시 서구 구덕로193번길 22-21,2
양식,돈까스로,등심돈까스,7000원,010-5233-9414,부산광역시 금정구 동부곡로6번길 16(부곡동),4.2
한식_일반,삼세랑,가정식 도시락,10000원,051-923-3434,부산광역시 금정구 중앙대로1588(부곡동),4.5
이미용업,헤어짱,파마,28000원,051-316-3150,"부산광역시 사상구 대동로 76(학장동, 무학상가 135호)",0
이미용업,젠틀맨,남성커트,6000원,-,부산광역시 사상구 괘감로 93(괘법동),2.2
한식_한정식,한우리밥집,정식,6000원,051-313-6005,부산광역시 사상구 낙동대로 875(감전동),0
한식_일반,실안장어구이,장어구이(1kg),39000원,051-314-4325,부산광역시 사상구 백양대로 949-25(모라동),5
한식_일반,태평양숯불갈비,갈비탕,7500원,051-328-8463,부산광역시 사상구 사상로 77(감전동),0
이미용업,정화미용실,커트,8000원,051-255-6708,부산광역시 서구 천마로 231(토성동5가),0
한식_일반,다미복국,은복,12000원,051-417-7383,부산광역시 영도구 남항로 9번길 2(남항동1가),4.3
한식_일반,임가네 구포국수,멸치국수,4000원,070-8729-3401,"부산광역시 영도구 절영로35번길 46, 106호(남항동1가,부백자연애아파트)",3
한식_일반,꼬꼬삼계탕,삼계탕,11000원,051-412-4329,부산광역시 영도구 남항로 8(남항동2가),4.7
한식_면류,자유손칼국수,칼국수,5000원,051-637-0460,부산광역시 남구 석포로 31 (감만동),4.1
이미용업,헤어클리닉J&J,커트,5000원,051-724-3544,부산광역시 기장군 기장읍 차성동로 67번길 2-4,별점 없음
한식_일반,장어이야기,장어탕,8000원,051-404-5735,부산광역시 영도구 절영로 470-1(동삼1동),5
이미용업,까까머리,커트,7000원,010-00000000,"부산광역시 사하구 장평로 311, 9동 102호",0
한식_일반,가마솥생복집,까치복,13000원,051-722-2995,부산광역시 기장군 기장읍 차성로 327-2,3.9
한식_일반,소향갈비탕,갈비탕,10000원,051-722-6234,부산광역시 기장군 기장읍 차성남로 51번길 17,3.8
한식_일반,장터국밥,소고기국수,6000원,051-527-0141,부산광역시 동래구 충렬대로359번길 54(안락동),5
세탁업,서민세탁소,와이셔츠,3000원,051-524-6964,부산광역시 동래구 명안로10번길 84(안락동),0
중식,금송짬뽕,짜장면,4000원,051-513-9841,부산광역시 금정구 남산로37번길52 (남산동),3.7
이미용업,신디헤어샾,커트,10000원,051-256-1447,부산광역시 서구 임시수도기념로 17,2
이미용업,정지수혜어가이드,커트(남),8000원,051-254-0247,부산광역시 서구 구덕로280번길 26,별점 없음
이미용업,정원이용실,커트,10000원,051-246-0108,부산광역시 중구 대청로 134번길 6 (동광동3가),별점 없음
한식_일반,대교식당,돈불백,6500원,051-469-0146,부산광역시 중구 충장대로 4번길8 (중앙동4가),0
한식_일반,남선식당,순두부찌개,6000원,051-469-3828,부산광역시 중구 충장대로4번길6(중앙동4가),5
이미용업,용두산이용원,커트,5000원,051-242-7007,부산광역시 중구 남포길 45(남포동2가),0
한식_일반,풍미추어탕,추어탕,8000원,051-642-3332,부산광역시 남구 우암로 108-1 (감만동),0
한식_면류,본가밀면,만두,4000원,051-624-3222,부산광역시 남구 용소로 42(대연동),5
한식_일반,최고맛집,잔치국수,4500원,051-625-8839,부산광역시 남구 수영로 266번길 6(대연동),5
한식_육류,착한돼지,생목살(120g),8000원,051-545-5960,부산광역시 해운대구 아랫반송로 21번길 91,5
한식_면류,밀칼국수,칼국수,3000원,051-647-2896,부산광역시 남구 수영로 65번길 3 (문현동),0
양식,있돈,돈가스,6000원,051-322-5856,부산광역시 사상구 가야대로 364-4 (주례동),3.7
한식_일반,승주네김밥,"일반/땡초김밥, 유부초밥",2000원,051-516-0081,부산광역시 금정구 동부곡로6번길 42(부곡동),5
한식_육류,갈비둥지,양념목살170g,9000원,051-558-5767,부산광역시 동래구 중앙대로1381번길 60 (온천동),5
양식,(온천)돈까스의집,돈까스,8000원,051-555-0445,부산광역시 동래구 금강로124번길 18(온천동),별점 없음
이미용업,남희헤어아트,커트,7000원,051-332-0605,부산광역시 북구 백양대로1048번가길13(구포동),0
이미용업,자매미용실,커트,12000원,051-758-0809,부산광역시 수영구 수영로 606번길 76(광안1동),0
중식,북경반점,자장면,5500원,051-755-4697,부산광역시 수영구 망미번영로 88번길 71-3 (망미2동),0
한식_육류,해돋이 숯불갈비,쌈밥정식,7000원,051-751-2050,부산광역시 수영구 망미번영로55번길 23 (망미2동),5
한식_면류,옛맛 손칼국수,칼국수,6000원,051-754-7542,부산광역시 수영구 과정로 67번길 8,3.7
한식_일반,장터국밥,돼지국밥,7000원,051-758-6669,부산광역시 수영구 수영성로 21-4 (수영동),5
한식_일반,대박생오리,삼계탕,12000원,051-624-4599,부산광역시 수영구 남천동로9번길 13 (남천1동),0
중식,일품관,자장면,5000원,051-327-8823,부산광역시 사상구 냉정로6번길 2 (주례동),5
한식_일반,터줏집돼지국밥,돼지/순대/시락/선지국밥,7000원,051-581-1578,부산광역시 금정구 부산대학로 49번길 13 (장전동),4.1
한식_면류,함흥냉면,냉면,8000원,051-254-5642,부산광역시 서구 구덕로124번길 55(토성동1가),4.1
이미용업,황태자이용원,커트,7000원,051-231-5448,부산광역시 서구 충무대로 286-1(충무동1가),1
이미용업,조명숙헤어,컷트(여),8000원,051-242-3759,부산광역시 서구 천마로231번길 17,0
중식,부원,짜장면,4000원,051-256-0061,부산광역시 서구 구덕로157번길 6(토성동3가),0
한식_면류,양정정통밀면,밀면,7000원,051-866-5000,부산광역시 부산진구 중앙대로 923-1(양정동),4.3
한식_일반,현대가든,소양념갈비(300g),17000원,051-852-8866,부산광역시 부산진구 범양로125번길 12(양정동),3
한식_일반,우리식당,된장찌개,7000원,051-818-4467,부산광역시 부산진구 범전로5번길 10(부전동),5
한식_육류,야우보쌈,보쌈정식,9000원,051-805-9947,부산광역시 부산진구 부전로152번길 48(부전동),0
한식_일반,한라정,돌솥밥갈치조림,10000원,051-805-1408,부산광역시 부산진구 부전로152번길 53(부전동),0
중식,미진반점,자장면,6000원,051-861-8588,부산광역시 연제구 월드컵대로111번길 7 (연산동),3.5
한식_일반,청담골,동태찌개,7000원,051-861-5582,부산광역시 연제구 월드컵대로188번길 40 (거제동),별점 없음
한식_면류,인화칼국수,칼국수,3000원,070-8291-3107,부산광역시 해운대구 윗반송로31번길 71,4.6
이미용업,boy&guy,일반컷,8000원,051-515-2661,부산광역시 금정구 무학송로 6(부곡동),별점 없음
양식,꼬모도,스파이시 볼로,8000원,051-581-9995,"부산광역시 금정구 금강로 254-1, 2층(장전동)",2.1
한식_면류,쑥밀면,쑥(비빔)밀면(소),6000원,051-515-9337,부산광역시 금정구 부산대학로 38(장전동),3.8
한식_일반,겐조식당,동태찌개,6500원,051-757-1514,부산광역시 수영구 좌수영로 101번길 52 (망미2동),5
중식,남천홍반장,자장면,5000원,051-611-1552,"부산광역시 수영구 수영로408번길 9,1층 (남천동)",4.6
한식_일반,형제돼지국밥,돼지국밥,8000원,051-625-1014,부산광역시 남구 용소로 13번길 29-1(대연동),3.7
한식_일반,착한생오리,소금구이,29000원,051-611-8282,부산광역시 남구 이기대공원로 12번길 11(용호동),4.8
한식_일반,대가숯불갈비,김치찌개,7000원,051-643-9350,부산광역시 남구 우암로 168-1(우암동),4
한식_일반,밀양가마솥추어탕,추어탕,9000원,051-365-3434,부산광역시 북구 효열로219번길 42,5
한식_일반,연일명품한우,한우한마리곰탕,7000원,051-862-6974,부산광역시 연제구 고분로32번길 42 (연산동),2
한식_일반,선미밥상,다슬기 미역국,9000원,051-544-8887,부산광역시 해운대구 아랫반송로29번길 41,0
한식_찌개류,골목아구찜,아구찜(소),25000원,051-315-0755,부산광역시 사상구 모라로 90-14 (모라동),4.5
한식_면류,멸치가 살아있는 국수,소고기국밥,6000원,051-523-6242,부산광역시 동래구 충렬대로457번길 72(안락동),3.1
양식,엄가네,돈/치킨/생선까스,7000원,051-526-9433,부산광역시 금정구 금사로 98 (금사동),3.2
한식_면류,부산모밀,모밀국수,8000원,051-512-8255,부산광역시 금정구 금강로 734-1 (남산동),3.8
한식_면류,명품면가,잔치국수,4500원,051-722-9980,부산광역시 기장군 기장읍 차성동로 126번길 22,4
한식_일반,시골삼계탕,한방 삼계탕,15000원,051-728-7517,부산광역시 기장군 정관읍 구연1로 6,5
한식_면류,얼크니손칼국수,칼국수샤브샤브(야채+등심+손칼국수+볶음밥),10000원,051-721-3487,부산광역시 기장군 기장읍 차성로 417번길 18,3.5
한식_일반,이가네돼지국밥,돼지국밥,7500원,051-722-8896,부산광역시 기장군 기장읍 읍내로 103-1,2.6
한식_면류,신가네밀면,물밀면,7000원,051-727-7242,부산광역시 기장군 정관읍 구연1로 5,3.8
중식,선우정짜장짬뽕과 닭한마리,자장면,5000원,070-7501-7673,부산광역시 사상구 학감대로 153 (학장동),5
이미용업,사상남성컷트클럽,남성커트,6000원,-,부산광역시 사상구 사상로 269 (덕포동),2.3
한식_찌개류,산골,삼계탕,13000원,051-317-8506,부산광역시 사상구 사상로35번길 25 (주례동),0
기타양식,서면손칼국수,칼국수,4500원,051-753-5696,부산광역시 수영구 과정로 55 9 (망미1동),4.4
한식_분식,김밥친구,김밥(1줄),1200원,051-325-5600,부산광역시 사상구 백양대로 907(모라동),5
이미용업,박현헤어클럽,남성커트,5000원,051-315-1137,부산광역시 사상구 백양대로 915 (모라동),0
한식_면류,주례칼국수,칼국수,5000원,051-311-4628,부산광역시 사상구 가야대로284번길7-6 (주례동),3.9
한식_찌개류,뿅가네장수돼지국밥,돼지국밥,8000원,051-326-6624,부산광역시 사상구 괘감로 105(감전동),별점 없음
한식_육류,만포장식당,삼겹살(국산150g),9000원,051-317-0557,부산광역시 사상구 새벽시장로 58 (감전동),0
한식_면류,강촌칼국수,칼국수,5000원,051-313-6572,"부산광역시 사상구 백양대로 916, 1-112 (모라동, 우성상가)",4
한식_면류,촌칼국수,칼국수,5000원,051-317-6594,부산광역시 사상구 모라로110번길 40-13 (모라동),4
한식_면류,예진할매칼국수,칼국수,5000원,051-322-5465,부산광역시 사상구 학장로 324(주례동),5
한식_찌개류,원산갈비,육개장,8000원,051-327-2127,부산광역시 사상구 광장로81번길 27 (괘법동),0
기타양식,연자방아칼국수,칼국수,4500원,051-751-9881,부산광역시 수영구 망미번영로88번길 52 (망미2동),4
이미용업,루비헤어샵,커트,5000원,051-751-5079,부산광역시 수영구 좌수영로 101번길 50-5 (망미2동),0
한식_일반,명지돼지국밥,돼지국밥,7000원,051-271-4235,부산광역시 강서구 명지오션시티8로6번길 13(명지동),4.4
중식,오곡흑미쌀짜장,자장면,5500원,051-752-4947,부산광역시 수영구 연수로415번길 30-13 (수영동),0
세탁업,태양세탁,Y-셔츠,3000원,051-867-8993,부산광역시 연제구 배산북로 4-2 (연산동),0
한식_면류,부산밀면,밀면,6000원,051-852-1508,부산광역시 연제구 연수로87번길 21 (연산동),4.5
한식_일반,미식천국,된장찌개,7000원,051-863-4766,부산광역시 연제구 중앙천로19번길 38 (연산동),4.3
한식_일반,참추어탕,추어탕,8000원,051-507-1717,부산광역시 연제구 월드컵대로 227-1 (거제동),5
한식_일반,할매보쌈,보쌈정식,9000원,051-853-8005,부산광역시 연제구 월드컵대로145번길 11 (연산동),2.5
한식_일반,신촌돌솥설렁탕,설렁탕,9000원,051-868-2552,부산광역시 연제구 연수로 69 (연산동),4
한식_일반,고담,된장정식,7000원,051-972-6143,부산광역시 강서구 낙동남로582번길 47(녹산동),5
중식,신촌반점,짜장면,5000원,051-973-0489,부산광역시 강서구 대저로221번다길 43-1(대저1동),0
한식_일반,할매국수,한식뷔페,6000원,051-973-0837,부산광역시 강서구 대저중앙로 337(대저1동),3.1
한식_일반,신원두막식당,김치찌개,5000원,051-271-1336,부산광역시 강서구 새진목길18번길 12(명지동),별점 없음
한식_일반,괴정할매칼국수,칼국수(중),7000원,051-208-9668,부산광역시 사하구 낙동대로233번길 22,3.8
이미용업,김미영헤어프로페셔널,컷트,8000원,051-512-3061,부산광역시 금정구 삼차로 14-1 (부곡동),별점 없음
한식_일반,서동솔밭집,육개장,8000원,051-522-1322,부산광역시 금정구 서부로 84 (서동),3.5
한식_일반,녹우원,한우국밥,8000원,051-514-9292,부산광역시 금정구 중앙대로1763번길 27 (부곡동),3.1
한식_일반,춘하추동칼국수,칼국수,4500원,051-522-5082,부산광역시 금정구 서동중심로 57 (서동),3.4
한식_육류,하나로한우명품참숯불구이,등심(100g),18000원,051-207-5651,"부산광역시 사하구 승학로63, 2층 (당리동)",5
한식_일반,가마솥추어탕,깔끔추어탕,9000원,051-263-2020,부산광역시 사하구 다대로657 (다대동),4.1
이미용업,수림헤어,커트,10000원,051-202-4715,부산광역시 사하구 제석로65 (당리동),0
한식_면류,해주냉면,물밀면,8000원,051-291-4841,"부산광역시 사하구 낙동대로324번길 5 (괴정동, 희망촌1길 6)",4
이미용업,화랑이용원,커트,10000원,051-202-8303,부산광역시 사하구 낙동대로323번길 10 (괴정동),0
한식_육류,한우공장(다대동),한우등심(100g),16000원,051-261-1511,"부산광역시 사하구 윤공단로14번길 80, 1층 (다대동)",4.4
한식_육류,진영숯불갈비,돼지갈비(200g),10000원,051-291-6368,부산광역시 사하구 신산로 177-11 (신평동),0
중식,떴다왕손짜장,짜장면,4500원,051-365-3235,부산광역시 북구 금곡대로303번길80 (화명동),4.8
일식,오사카,우동,5000원,051-205-8408,부산광역시 사하구 낙동대로324번길 2,4.4
한식_면류,구포국수,멸치국수,4300원,051-747-7894,부산광역시 해운대구 중동1로 33-1,5
한식_일반,김밥천국,김밥,3000원,051-703-4009,부산광역시 해운대구 해운대로 814,2.4
한식_육류,대박집,대패삼겹살(100g),3900원,051-704-4490,부산광역시 해운대구 좌동로91번길 38-5,2.6
한식_일반,원조할매국밥,돼지국밥,5500원,051-703-8856,부산광역시 해운대구 송정중앙로 38,3.6
한식_일반,마산이모집,동태탕,7000원,051-741-5514,부산광역시 해운대구 구남로41번길 8,3.8
한식_육류,화성숯불로,삼겹살(110g),5000원,051-543-0770,부산광역시 해운대구 아랫반송로23번길 10,0
한식_일반,김밥왕국,원조김밥,2000원,051-544-3200,부산광역시 해운대구 윗반송로 151,0
한식_일반,태광쌈밥생선구이,쌈밥,10000원,051-542-3392,"부산광역시 해운대구 아랫반송로25번길 35, 1층(반송동)",4
목욕업,정선탕,일목욕,6000원,051-783-8353,부산광역시 해운대구 재반로 64번길 28,0
한식_면류,강대감손칼국수,손칼국수,4500원,051-334-3158,부산광역시 북구 구포시장1길 6(구포동),4
한식_일반,옛날전통추어탕,추어탕,10000원,051-627-3357,부산광역시 남구 천제등로 37번길 11(대연동),4.7
한식_일반,경주전통돼지국밥,돼지.내장.순대.섞어국밥,8000원,051-343-3852,부산광역시 북구 만덕2로44번길43 (만덕동),3.2
한식_일반,우정분식,비빔밥(5종),6000원,051-334-2555,부산광역시 북구 만덕대로15번길9 (덕천동),5
한식_일반,금곡추어탕,추어탕,8000원,051-361-4764,부산광역시 북구 효열로 275번길 43 (금곡동),0
한식_면류,이원화구포국시전문점,따신/차븐국시,4500원,051-333-9892,부산광역시 북구 구포시장1길 6 (구포동),4.4
한식_육류,대박삼겹2900,"국내산생삼겹,목살 100g",6900원,051-336-3033,부산광역시 북구 만덕2로 24,5
한식_일반,한울타리분식,김밥,4000원,051-625-0688,부산광역시 남구 용소로13-1 (대연동),5
한식_일반,진수식당,순두부찌개,5000원,051-626-5593,부산광역시 남구 석포로24 (감만동),0
한식_일반,제일집추어탕,추어탕,9000원,051-612-4748,부산광역시 남구 진남로25번길 24(대연동),4.7
양식,장수왕돈까스,스파게티,6000원,051-627-6461,부산광역시 남구 용소로40번길10 (대연동),3.7
한식_면류,약콩밀면,물밀면,7000원,051-611-1231,부산광역시 남구 용호로97번길6 (용호동),4.5
한식_일반,오륙도낙지볶음,낙지볶음,8500원,051-627-1473,부산광역시 남구 유엔평화로13번길6(대연동),2.7
한식_일반,동원식당,된장찌개,8000원,051-646-2340,부산광역시 남구 홍곡로 359(대연동),0
한식_일반,안강식당,콩나물라면,4000원,051-622-4353,부산광역시 남구 용호로159번길 119(용호동),5
한식_일반,아라돈감자탕,뻐다귀해장국,8000원,051-633-0555,부산광역시 남구 우암로68(감만동),5
한식_일반,쌍둥이돼지국밥,돼지국밥,9000원,051-628-7020,부산광역시 남구 유엔평화로35-1(대연동),3.3
한식_일반,시골보리밥돼지갈비,김밥,2000원,051-634-0965,부산광역시 남구 전포대로67번길16(문현동),0
한식_일반,시골돼지국밥,돼지국밥,8000원,051-631-4941,부산광역시 남구 석포로20번길4(감만동),0
한식_일반,숯불갈비 막끌리네,된장찌개,7000원,051-623-1551,부산광역시 남구 못골로 49-8(대연동),별점 없음
한식_일반,수구리 보리밥,보리밥,7000원,051-623-9878,부산광역시 남구 동명로158번길 112(용호동),5
중식,성룡짜장,짜장면,4000원,051-612-0811,부산광역시 남구 이기대공원로12번길 13(용호동),5
한식_일반,미담,미담김밥,3500원,051-642-4845,부산광역시 남구 우암로154번길 48(우암동),5
한식_일반,명동닭한마리,삼계탕,14000원,051-636-2834,"부산광역시 남구 천제등로 4, 1동 101호 (대연동,남산하이빌)",3
한식_육류,뚱돈,된장찌개,7000원,051-626-6009,부산광역시 남구 동명로131번길 28(용호동),5
한식_일반,참뷔페,한식뷔페,6000원,051-552-2456,"부산광역시 동래구 명륜로112번가길52, 1층(명륜동)",3.8
한식_육류,동명식당,된장찌개,7000원,051-621-5324,부산광역시 남구 유엔평화로 153 (용당동),4
한식_일반,돌고래돼지국밥,비빔국수,5000원,051-623-0229,부산광역시 남구 용소로21번길3(대연동),4.4
한식_면류,구포멸치국수,멸치국수,4000원,051-612-5623,부산광역시 남구 못골로81(대연동),2.6
기타양식,카페 꽃마실,아메리카노,2500원,051-504-1788,부산광역시 동래구 여고북로 179(온천동),별점 없음
한식_일반,초원집식당,삼계탕,12000원,051-555-4466,부산광역시 동래구 충렬대로249번길 11-3(수안동),0
한식_면류,서울칼국수,칼국수,4500원,051-502-2093,부산광역시 동래구 사직북로23-3(사직동),3.8
한식_일반,밀양삼대국밥,돼지국밥,7000원,051-529-9825,부산광역시 동래구 충렬대로359번길 23(안락동),2.8
한식_일반,무진장횟집,회덮밥,10000원,051-553-2078,부산광역시 동래구 명륜로98번길 41(수안동),2.7
중식,하동각,짜장면,6000원,051-556-1081,부산광역시 동래구 명륜로130-6(명륜동),3.3
한식_일반,예원한정식,불고기정식,15000원,051-556-1155,부산광역시 동래구 삼성대길22(명륜동),3.7
한식_일반,정동진해돋이횟집,물회(매운탕포함),10000원,051-532-8838,부산광역시 동래구 반송로240번길16(안락동),1
한식_면류,후루룩촌국수,물국수,3000원,051-818-6218,부산광역시 부산진구 새싹로14번길 5(부전동),2.3
이미용업,은혜미용실,커트,8000원,051-558-1759,부산광역시 동래구 수안로33-4(수안동),5
세탁업,하이테크크리닝,양복,7000원,051-556-3070,부산광역시 동래구 수안로43(수안동),0
한식_일반,이화한우소머리곰탕,곰탕,8000원,051-555-4718,부산광역시 동래구 동래로148번길12(복천동),5
한식_일반,작은영토,김치찌개,7000원,051-554-3516,부산광역시 동래구 동래로27-7(온천동),2.9
중식,천일궁,짜장면,6000원,051-554-5515,부산광역시 동래구 차밭골로21번길27(온천동),0
이미용업,나래투미용실,커트,5000원,051-522-4871,부산광역시 동래구 명장로64번길38(명장동),5
한식_일반,희망통닭,후라이드,20000원,051-555-0073,부산광역시 동래구 명륜로98번길 94(낙민동),2.9
이미용업,지지미용실,커트,10000원,051-556-2298,부산광역시 동래구 금강공원로20번길 65 (온천동),0
한식_육류,만점숯불갈비,불고기전골,7000원,051-558-2240,부산광역시 동래구 명륜로98번길 18(수안동),1
한식_일반,논두렁추어탕,추어탕,6000원,051-553-5769,부산광역시 동래구 명륜로139번길 42-5(명륜동),4.7
중식,송화루,짜장면,6000원,051-504-5414,부산광역시 동래구 아시아드대로207번길 9(온천동),3.7
한식_일반,포항물회,물회,12000원,051-405-9077,부산광역시 영도구 절영로 478 (동삼동),3.9
한식_면류,영자면옥칼국수,칼국수,3000원,051-809-2136,부산광역시 부산진구 새싹로8번길 29(부전동),4.2
이미용업,영신미용실,파마(어르신특가),10000원,051-804-1041,부산광역시 부산진구 서전로67번길 27-5(전포동),0
한식_일반,도마위에 암소,한우정통육개장,9000원,051-805-0073,부산광역시 부산진구 서면문화로 48(부전동),4
한식_일반,골목식당(1974골목),냉면,6000원,051-805-3850,부산광역시 부산진구 가야대로784번길 46(부전동),1
한식_일반,중앙숯불갈비,해물된장찌개,8000원,051-632-2008,부산광역시 부산진구 골드테마길 65(범천동),4.3
한식_일반,우정분식,열무비빔밥,6000원,051-803-0303,부산광역시 부산진구 동천로85번길 3(부전동),4.6
한식_일반,하동재첩,재첩국정식,10000원,051-808-5668,부산광역시 부산진구 중앙대로743번길 25(부전동),4.5
한식_일반,서울식당,대구탕,9000원,051-895-5885,부산광역시 부산진구 가야대로703번길31(당감동),5
한식_일반,좋은식당,김치찌개,8000원,051-818-4243,부산광역시 부산진구 전포대로176번길 15(전포동),0
한식_일반,금복식당,된장찌게,9000원,051-803-8790,부산광역시 부산진구 서면문화로5번길 13(부전동),4
한식_면류,대박밀면,생등심돈가스,8000원,051-404-1850,부산광역시 영도구 동삼로 32 (동삼1동),4.5
이미용업,아람미용실,커트,10000원,051-403-7680,부산광역시 영도구 동삼동로 3 110 (동삼1동),0
한식_일반,남촌,소고기샤브샤브(150g),12000원,051-415-3230,부산광역시 영도구 남항로9번길 3 (남항동1가),4.7
한식_육류,영선불고기,소불고기(130g),9000원,051-416-7570,부산광역시 영도구 절영로35번길 69 (영선동1가),4
이미용업,오고파미용실,커트,8000원,051-413-5031,부산광역시 영도구 절영로101번길 17 (영선동3가),0
이미용업,동현미용실,파마,25000원,051-404-0423,"부산광역시 영도구 상리로 63-4, 상가동 106호 (동삼3동, 주공아파트)",0
이미용업,리라헤어라인,일반파마,17000원,051-414-8586,부산광역시 영도구 번영길 57 (신선동1가),0
이미용업,청학이용원,커트,10000원,051-412-9484,부산광역시 영도구 태종로 383 (청학동),0
이미용업,민헤어 남성컷전문,커트,8000원,051-413-3799,"부산광역시 영도구 와치로 266, 상가동 105호 (동삼1동, 영도벽산비치타운)",별점 없음
이미용업,강희정헤어공간,커트,6000원,051-413-1376,부산광역시 영도구 태종로422번길 40 (청학동),별점 없음
이미용업,효정헤어,일반파마,20000원,051-416-3450,부산광역시 영도구 꿈나무길 254 (영선동3가),0
이미용업,김선임헤어샵,커트,8000원,051-415-3588,부산광역시 영도구 번영1길 14 (봉래동4가),별점 없음
한식_육류,부영갈비,갈비탕,9000원,051-416-7463,부산광역시 영도구 태종로113번길 23 (봉래동3가),0
한식_일반,이조숯불갈비,이조정식,6000원,051-248-5104,부산광역시 서구 구덕로339번길 31-1,3.2
세탁업,화이트밸리,와이셔츠 드라이,2000원,051-404-1496,"부산광역시 영도구 동삼서로 52, 상가동 101호(동삼1동, 장원빌라)",별점 없음
한식_일반,금성갈비탕,갈비탕,12000원,051-416-5553,부산광역시 영도구 남항로 35-2 (남항동1가),5
한식_일반,"영선꼼장어,바다장어",꼼장어구이(소2인),30000원,051-412-9290,부산광역시 영도구 태종로89번길 13 (대교동2가),4.5
기타양식,티모아,아메리카노,2500원,051-415-3584,"부산광역시 영도구 절영로13번길 25, 상가동 (봉래동2가, 대화아파트)",5
한식_일반,함흥보쌈,보쌈정식,10000원,051-416-2342,부산광역시 영도구 남항로 42 (영선동2가),3.7
한식_일반,원조콩나물비빔밥,콩나물비빔밥,7000원,051-464-2386,부산광역시 동구 중앙대로361번길 24-6(수정동),5
한식_일반,양지추어탕,추어탕,9000원,051-467-3924,부산광역시 동구 중앙대로 371번길 70-4 (수정동),4
한식_일반,명가,생삼겹살(100g),4000원,051-644-0079,부산광역시 동구 자성공원로 23-9(범일동),3.9
일식,용궁횟집,회비빔밥,8000원,051-247-0047,부산광역시 서구 대영로74번길 26,5
한식_일반,뷔페청,성인,8000원,051-242-4311,부산광역시 서구 흑교로109번길 43,4.5
한식_일반,별미집,추어탕,8000원,051-254-9891,부산광역시 서구 구덕로333번길 14,5
한식_일반,남포수제비,충무김밥,5500원,051-245-6821,부산광역시 중구 광복로 49번길 7-1 (창선동),3.1
한식_일반,산바다,메기메운탕,7000원,051-241-2976,부산광역시 서구 엄광산로 6,0
한식_일반,진식당,갈치구이,7000원,051-257-9122,부산광역시 서구 까치고개로 237,0
한식_일반,삼원두루치기,두루치기,7500원,051-231-5452,부산광역시 서구 구덕로193번길 12-17,4.5
한식_육류,장원숯불갈비,돼지갈비(200g),10000원,051-244-6747,부산광역시 서구 구덕로 144-7,0
한식_일반,마을식당,순두부찌개,6500원,051-231-7877,부산광역시 서구 구덕로148번길 37,0
한식_육류,참숯화로구이고주몽,돼지갈비(250g),14000원,051-246-2452,부산광역시 서구 구덕로148번길 43-1,2.4
기타양식,시민제과,롤케이크,12000원,051-254-8990,부산광역시 서구 구덕로 116 (충무동1가),4.5
한식_면류,성일칼국수,칼국수,5000원,051-244-1547,부산광역시 서구 해안새벽시장길 8,3.8
한식_육류,본가이대감숯불촌,돼지갈비(230g),10000원,051-241-6683,부산광역시 서구 충무시장길 7,5
일식,미도리우동,유부초밥,4000원,051-244-8246,부산광역시 중구 흑교로 45번길 10-1 (보수동),5
한식_일반,고등어구이정식,고등어구이,7000원,051-241-6526,"부산광역시 중구 자갈치로 64-2, 1층(남포동)",4.6
한식_일반,전주식당,돌솥밥,7500원,051-469-0771,부산광역시 중구 대청로 137번길9-1(중앙동),3.6
한식_일반,두부가,두부밥,7500원,051-248-0156,부산광역시 중구 광복로 55번길14-1 (창선동),3.8
한식_일반,일미기사식당,시락국밥,4000원,051-253-4440,부산광역시 중구 흑교로 10-1 (부평동),3.5
한식_면류,대성밀냉면전문,밀면(소),7000원,051-244-9658,부산광역시 중구 보수대로 44번길 6 (부평동),3.7
한식_일반,물꽁식당,아구찜(1인),15000원,051-257-3230,부산광역시 중구 흑교로 59번길3 (보수동),3.3
한식_일반,뚱보집,콩나물밥,4000원,051-246-7466,부산광역시 중구 중앙대로 29번길 2-11(중앙동),3.3
한식_일반,큰집생선구이,생선구이정식,9000원,051-253-2668,부산광역시 중구 대청로 138번길12 (중앙동),2.5
한식_일반,남원원조추어탕,추어탕,8000원,051-246-5636,부산광역시 중구 해관로 37-1(중앙동),3.5
한식_일반,한양왕순대,순대국밥,9000원,051-245-9138,부산광역시 중구 해관로20-1(중앙동),4.4
한식_면류,구포밀면,손칼국수,5500원,051-466-6112,부산광역시 중구 대청로141 (중앙동),3.8
